"id","text","llm_output","response_id","status","cumulative_cost_usd"
"1","Sample prompt content text 1","SIMULATED_RESPONSE for id=1","","simulated",0.0
"2","Sample prompt content text 2","SIMULATED_RESPONSE for id=2","","simulated",0.0
"3","Sample prompt content text 3","SIMULATED_RESPONSE for id=3","","simulated",0.0
"4","Sample prompt content text 4","SIMULATED_RESPONSE for id=4","","simulated",0.0
"5","Sample prompt content text 5","SIMULATED_RESPONSE for id=5","","simulated",0.0
"6","Sample prompt content text 6","SIMULATED_RESPONSE for id=6","","simulated",0.0
"7","Sample prompt content text 7","SIMULATED_RESPONSE for id=7","","simulated",0.0
"8","Sample prompt content text 8","SIMULATED_RESPONSE for id=8","","simulated",0.0
"9","Sample prompt content text 9","SIMULATED_RESPONSE for id=9","","simulated",0.0
"10","Sample prompt content text 10","SIMULATED_RESPONSE for id=10","","simulated",0.0
"11","Sample prompt content text 11","SIMULATED_RESPONSE for id=11","","simulated",0.0
"12","Sample prompt content text 12","SIMULATED_RESPONSE for id=12","","simulated",0.0
"13","Sample prompt content text 13","SIMULATED_RESPONSE for id=13","","simulated",0.0
"14","Sample prompt content text 14","SIMULATED_RESPONSE for id=14","","simulated",0.0
"15","Sample prompt content text 15","SIMULATED_RESPONSE for id=15","","simulated",0.0
"16","Sample prompt content text 16","SIMULATED_RESPONSE for id=16","","simulated",0.0
"17","Sample prompt content text 17","SIMULATED_RESPONSE for id=17","","simulated",0.0
"18","Sample prompt content text 18","SIMULATED_RESPONSE for id=18","","simulated",0.0
"19","Sample prompt content text 19","SIMULATED_RESPONSE for id=19","","simulated",0.0
"20","Sample prompt content text 20","SIMULATED_RESPONSE for id=20","","simulated",0.0
"21","Sample prompt content text 21","SIMULATED_RESPONSE for id=21","","simulated",0.0
"22","Sample prompt content text 22","SIMULATED_RESPONSE for id=22","","simulated",0.0
"23","Sample prompt content text 23","SIMULATED_RESPONSE for id=23","","simulated",0.0
"24","Sample prompt content text 24","SIMULATED_RESPONSE for id=24","","simulated",0.0
"25","Sample prompt content text 25","SIMULATED_RESPONSE for id=25","","simulated",0.0
"26","Sample prompt content text 26","SIMULATED_RESPONSE for id=26","","simulated",0.0
"27","Sample prompt content text 27","SIMULATED_RESPONSE for id=27","","simulated",0.0
"28","Sample prompt content text 28","SIMULATED_RESPONSE for id=28","","simulated",0.0
"29","Sample prompt content text 29","SIMULATED_RESPONSE for id=29","","simulated",0.0
"30","Sample prompt content text 30","SIMULATED_RESPONSE for id=30","","simulated",0.0
"31","Sample prompt content text 31","SIMULATED_RESPONSE for id=31","","simulated",0.0
"32","Sample prompt content text 32","SIMULATED_RESPONSE for id=32","","simulated",0.0
"33","Sample prompt content text 33","SIMULATED_RESPONSE for id=33","","simulated",0.0
"34","Sample prompt content text 34","SIMULATED_RESPONSE for id=34","","simulated",0.0
"35","Sample prompt content text 35","SIMULATED_RESPONSE for id=35","","simulated",0.0
"36","Sample prompt content text 36","SIMULATED_RESPONSE for id=36","","simulated",0.0
"37","Sample prompt content text 37","SIMULATED_RESPONSE for id=37","","simulated",0.0
"38","Sample prompt content text 38","SIMULATED_RESPONSE for id=38","","simulated",0.0
"39","Sample prompt content text 39","SIMULATED_RESPONSE for id=39","","simulated",0.0
"40","Sample prompt content text 40","SIMULATED_RESPONSE for id=40","","simulated",0.0
"41","Sample prompt content text 41","SIMULATED_RESPONSE for id=41","","simulated",0.0
"42","Sample prompt content text 42","SIMULATED_RESPONSE for id=42","","simulated",0.0
"43","Sample prompt content text 43","SIMULATED_RESPONSE for id=43","","simulated",0.0
"44","Sample prompt content text 44","SIMULATED_RESPONSE for id=44","","simulated",0.0
"45","Sample prompt content text 45","SIMULATED_RESPONSE for id=45","","simulated",0.0
"46","Sample prompt content text 46","SIMULATED_RESPONSE for id=46","","simulated",0.0
"47","Sample prompt content text 47","SIMULATED_RESPONSE for id=47","","simulated",0.0
"48","Sample prompt content text 48","SIMULATED_RESPONSE for id=48","","simulated",0.0
"49","Sample prompt content text 49","SIMULATED_RESPONSE for id=49","","simulated",0.0
"50","Sample prompt content text 50","SIMULATED_RESPONSE for id=50","","simulated",0.0
"51","Sample prompt content text 51","SIMULATED_RESPONSE for id=51","","simulated",0.0
"52","Sample prompt content text 52","SIMULATED_RESPONSE for id=52","","simulated",0.0
"53","Sample prompt content text 53","SIMULATED_RESPONSE for id=53","","simulated",0.0
"54","Sample prompt content text 54","SIMULATED_RESPONSE for id=54","","simulated",0.0
"55","Sample prompt content text 55","SIMULATED_RESPONSE for id=55","","simulated",0.0
"56","Sample prompt content text 56","SIMULATED_RESPONSE for id=56","","simulated",0.0
"57","Sample prompt content text 57","SIMULATED_RESPONSE for id=57","","simulated",0.0
"58","Sample prompt content text 58","SIMULATED_RESPONSE for id=58","","simulated",0.0
"59","Sample prompt content text 59","SIMULATED_RESPONSE for id=59","","simulated",0.0
"60","Sample prompt content text 60","SIMULATED_RESPONSE for id=60","","simulated",0.0
"61","Sample prompt content text 61","SIMULATED_RESPONSE for id=61","","simulated",0.0
"62","Sample prompt content text 62","SIMULATED_RESPONSE for id=62","","simulated",0.0
"63","Sample prompt content text 63","SIMULATED_RESPONSE for id=63","","simulated",0.0
"64","Sample prompt content text 64","SIMULATED_RESPONSE for id=64","","simulated",0.0
"65","Sample prompt content text 65","SIMULATED_RESPONSE for id=65","","simulated",0.0
"66","Sample prompt content text 66","SIMULATED_RESPONSE for id=66","","simulated",0.0
"67","Sample prompt content text 67","SIMULATED_RESPONSE for id=67","","simulated",0.0
"68","Sample prompt content text 68","SIMULATED_RESPONSE for id=68","","simulated",0.0
"69","Sample prompt content text 69","SIMULATED_RESPONSE for id=69","","simulated",0.0
"70","Sample prompt content text 70","SIMULATED_RESPONSE for id=70","","simulated",0.0
"71","Sample prompt content text 71","SIMULATED_RESPONSE for id=71","","simulated",0.0
"72","Sample prompt content text 72","SIMULATED_RESPONSE for id=72","","simulated",0.0
"73","Sample prompt content text 73","SIMULATED_RESPONSE for id=73","","simulated",0.0
"74","Sample prompt content text 74","SIMULATED_RESPONSE for id=74","","simulated",0.0
"75","Sample prompt content text 75","SIMULATED_RESPONSE for id=75","","simulated",0.0
"76","Sample prompt content text 76","SIMULATED_RESPONSE for id=76","","simulated",0.0
"77","Sample prompt content text 77","SIMULATED_RESPONSE for id=77","","simulated",0.0
"78","Sample prompt content text 78","SIMULATED_RESPONSE for id=78","","simulated",0.0
"79","Sample prompt content text 79","SIMULATED_RESPONSE for id=79","","simulated",0.0
"80","Sample prompt content text 80","SIMULATED_RESPONSE for id=80","","simulated",0.0
"81","Sample prompt content text 81","SIMULATED_RESPONSE for id=81","","simulated",0.0
"82","Sample prompt content text 82","SIMULATED_RESPONSE for id=82","","simulated",0.0
"83","Sample prompt content text 83","SIMULATED_RESPONSE for id=83","","simulated",0.0
"84","Sample prompt content text 84","SIMULATED_RESPONSE for id=84","","simulated",0.0
"85","Sample prompt content text 85","SIMULATED_RESPONSE for id=85","","simulated",0.0
"86","Sample prompt content text 86","SIMULATED_RESPONSE for id=86","","simulated",0.0
"87","Sample prompt content text 87","SIMULATED_RESPONSE for id=87","","simulated",0.0
"88","Sample prompt content text 88","SIMULATED_RESPONSE for id=88","","simulated",0.0
"89","Sample prompt content text 89","SIMULATED_RESPONSE for id=89","","simulated",0.0
"90","Sample prompt content text 90","SIMULATED_RESPONSE for id=90","","simulated",0.0
"91","Sample prompt content text 91","SIMULATED_RESPONSE for id=91","","simulated",0.0
"92","Sample prompt content text 92","SIMULATED_RESPONSE for id=92","","simulated",0.0
"93","Sample prompt content text 93","SIMULATED_RESPONSE for id=93","","simulated",0.0
"94","Sample prompt content text 94","SIMULATED_RESPONSE for id=94","","simulated",0.0
"95","Sample prompt content text 95","SIMULATED_RESPONSE for id=95","","simulated",0.0
"96","Sample prompt content text 96","SIMULATED_RESPONSE for id=96","","simulated",0.0
"97","Sample prompt content text 97","SIMULATED_RESPONSE for id=97","","simulated",0.0
"98","Sample prompt content text 98","SIMULATED_RESPONSE for id=98","","simulated",0.0
"99","Sample prompt content text 99","SIMULATED_RESPONSE for id=99","","simulated",0.0
"100","Sample prompt content text 100","SIMULATED_RESPONSE for id=100","","simulated",0.0
"101","Sample prompt content text 101","SIMULATED_RESPONSE for id=101","","simulated",0.0
"102","Sample prompt content text 102","SIMULATED_RESPONSE for id=102","","simulated",0.0
"103","Sample prompt content text 103","SIMULATED_RESPONSE for id=103","","simulated",0.0
"104","Sample prompt content text 104","SIMULATED_RESPONSE for id=104","","simulated",0.0
"105","Sample prompt content text 105","SIMULATED_RESPONSE for id=105","","simulated",0.0
"106","Sample prompt content text 106","SIMULATED_RESPONSE for id=106","","simulated",0.0
"107","Sample prompt content text 107","SIMULATED_RESPONSE for id=107","","simulated",0.0
"108","Sample prompt content text 108","SIMULATED_RESPONSE for id=108","","simulated",0.0
"109","Sample prompt content text 109","SIMULATED_RESPONSE for id=109","","simulated",0.0
"110","Sample prompt content text 110","SIMULATED_RESPONSE for id=110","","simulated",0.0
"111","Sample prompt content text 111","SIMULATED_RESPONSE for id=111","","simulated",0.0
"112","Sample prompt content text 112","SIMULATED_RESPONSE for id=112","","simulated",0.0
"113","Sample prompt content text 113","SIMULATED_RESPONSE for id=113","","simulated",0.0
"114","Sample prompt content text 114","SIMULATED_RESPONSE for id=114","","simulated",0.0
"115","Sample prompt content text 115","SIMULATED_RESPONSE for id=115","","simulated",0.0
"116","Sample prompt content text 116","SIMULATED_RESPONSE for id=116","","simulated",0.0
"117","Sample prompt content text 117","SIMULATED_RESPONSE for id=117","","simulated",0.0
"118","Sample prompt content text 118","SIMULATED_RESPONSE for id=118","","simulated",0.0
"119","Sample prompt content text 119","SIMULATED_RESPONSE for id=119","","simulated",0.0
"120","Sample prompt content text 120","SIMULATED_RESPONSE for id=120","","simulated",0.0
