id,text
1,Sample prompt content text 1
2,Sample prompt content text 2
3,Sample prompt content text 3
4,Sample prompt content text 4
5,Sample prompt content text 5
6,Sample prompt content text 6
7,Sample prompt content text 7
8,Sample prompt content text 8
9,Sample prompt content text 9
10,Sample prompt content text 10
11,Sample prompt content text 11
12,Sample prompt content text 12
13,Sample prompt content text 13
14,Sample prompt content text 14
15,Sample prompt content text 15
16,Sample prompt content text 16
17,Sample prompt content text 17
18,Sample prompt content text 18
19,Sample prompt content text 19
20,Sample prompt content text 20
21,Sample prompt content text 21
22,Sample prompt content text 22
23,Sample prompt content text 23
24,Sample prompt content text 24
25,Sample prompt content text 25
26,Sample prompt content text 26
27,Sample prompt content text 27
28,Sample prompt content text 28
29,Sample prompt content text 29
30,Sample prompt content text 30
31,Sample prompt content text 31
32,Sample prompt content text 32
33,Sample prompt content text 33
34,Sample prompt content text 34
35,Sample prompt content text 35
36,Sample prompt content text 36
37,Sample prompt content text 37
38,Sample prompt content text 38
39,Sample prompt content text 39
40,Sample prompt content text 40
41,Sample prompt content text 41
42,Sample prompt content text 42
43,Sample prompt content text 43
44,Sample prompt content text 44
45,Sample prompt content text 45
46,Sample prompt content text 46
47,Sample prompt content text 47
48,Sample prompt content text 48
49,Sample prompt content text 49
50,Sample prompt content text 50
51,Sample prompt content text 51
52,Sample prompt content text 52
53,Sample prompt content text 53
54,Sample prompt content text 54
55,Sample prompt content text 55
56,Sample prompt content text 56
57,Sample prompt content text 57
58,Sample prompt content text 58
59,Sample prompt content text 59
60,Sample prompt content text 60
61,Sample prompt content text 61
62,Sample prompt content text 62
63,Sample prompt content text 63
64,Sample prompt content text 64
65,Sample prompt content text 65
66,Sample prompt content text 66
67,Sample prompt content text 67
68,Sample prompt content text 68
69,Sample prompt content text 69
70,Sample prompt content text 70
71,Sample prompt content text 71
72,Sample prompt content text 72
73,Sample prompt content text 73
74,Sample prompt content text 74
75,Sample prompt content text 75
76,Sample prompt content text 76
77,Sample prompt content text 77
78,Sample prompt content text 78
79,Sample prompt content text 79
80,Sample prompt content text 80
81,Sample prompt content text 81
82,Sample prompt content text 82
83,Sample prompt content text 83
84,Sample prompt content text 84
85,Sample prompt content text 85
86,Sample prompt content text 86
87,Sample prompt content text 87
88,Sample prompt content text 88
89,Sample prompt content text 89
90,Sample prompt content text 90
91,Sample prompt content text 91
92,Sample prompt content text 92
93,Sample prompt content text 93
94,Sample prompt content text 94
95,Sample prompt content text 95
96,Sample prompt content text 96
97,Sample prompt content text 97
98,Sample prompt content text 98
99,Sample prompt content text 99
100,Sample prompt content text 100
101,Sample prompt content text 101
102,Sample prompt content text 102
103,Sample prompt content text 103
104,Sample prompt content text 104
105,Sample prompt content text 105
106,Sample prompt content text 106
107,Sample prompt content text 107
108,Sample prompt content text 108
109,Sample prompt content text 109
110,Sample prompt content text 110
111,Sample prompt content text 111
112,Sample prompt content text 112
113,Sample prompt content text 113
114,Sample prompt content text 114
115,Sample prompt content text 115
116,Sample prompt content text 116
117,Sample prompt content text 117
118,Sample prompt content text 118
119,Sample prompt content text 119
120,Sample prompt content text 120
